,accuracy,kappa,f1,roc_auc
0,0.123,0.021337005144725803,0.05344599780685786,0.5106784064289351
1,0.117,0.014309260190540796,0.046354946075222926,0.5070675564964628
2,0.136,0.029306735139489448,0.06183629123151556,0.5148687783421045
3,0.123,0.023400254172054713,0.05318384187177135,0.5117832096390706
4,0.114,0.017022649251547728,0.052227253519802334,0.5083141081097963
5,0.125,0.02264612696999635,0.053627656335977124,0.5113583795572414
