,accuracy,kappa,f1,roc_auc
0,0.2648,0.18287900597399542,0.21531652606467355,0.5914148525027092
1,0.2675,0.18184442981258364,0.21317586093092764,0.5908298598034737
2,0.268,0.18702798756108396,0.22016320939714407,0.5934936669609111
3,0.2625,0.18131602200622532,0.21444692672606253,0.5905109663456438
4,0.2595,0.17908933791698223,0.21249040370312902,0.5896003894681443
5,0.2665,0.18511725257310196,0.21630622956610446,0.5926393799353727
