,accuracy,kappa,f1,roc_auc
0,0.3113,0.23375916184471351,0.26485909371905475,0.6167564573087747
1,0.302,0.22326056408754114,0.25268234435778486,0.6116024092050898
2,0.304,0.22572247824430358,0.26097719075332587,0.6127664328893033
3,0.325,0.2454884400445554,0.2758992592613842,0.6224541251999335
4,0.3165,0.2426783701574282,0.26958713906669945,0.6213754033799694
5,0.309,0.23164595668973942,0.2651495351560792,0.6155839158695773
