,accuracy,kappa,f1,roc_auc
0,0.3349,0.26054069155054466,0.3123209440233263,0.6302770399560659
1,0.329,0.2532776908363763,0.3059109411581048,0.6267712070388041
2,0.3365,0.26337158213018297,0.31182067937215596,0.6317329451388817
3,0.343,0.2695934069965613,0.3208350555569687,0.634626907049983
4,0.322,0.24749504920000565,0.301768929013989,0.6238448168120502
5,0.344,0.268965728589597,0.32126911501541305,0.6344093237406105
