,accuracy,kappa,f1,roc_auc
0,0.3564,0.2841695270614499,0.33218122010327084,0.6420813234653647
1,0.353,0.2812983728128615,0.33042966923207323,0.6406858867288997
2,0.367,0.29449508333846486,0.34321242148675535,0.6472157788204357
3,0.3555,0.2841471924436155,0.33249417855138713,0.6420198767825661
4,0.3505,0.27810312844206986,0.32765450430703924,0.6390490584018416
5,0.356,0.2828038582702377,0.32711532693909917,0.6414360165930809
