,accuracy,kappa,f1,roc_auc
0,0.1059,0.0011457227342162256,0.022196417485819474,0.5005732850223223
1,0.106,0.0005958416290957613,0.02134423214951926,0.5002995909245564
2,0.1035,0.0010207083448477983,0.02129828310868044,0.5005072503940502
3,0.1175,0.002121551771658292,0.027357497076548717,0.5010639474115904
4,0.1065,0.0002763645640210255,0.02084014699127239,0.5001523509513949
5,0.096,0.0017141473614582514,0.02014192810307656,0.5008432854300194
