,accuracy,kappa,f1,roc_auc
0,0.1505,0.056992463421292675,0.08850155076154358,0.5286063956985243
1,0.1575,0.06340367996198026,0.09281925930046445,0.5317094496028526
2,0.1395,0.042192771922501815,0.08041354833831166,0.5212331213550443
3,0.15,0.06355358828362312,0.08814625905467921,0.5320396375848611
4,0.1495,0.054558005867743176,0.08941591752729738,0.5273083174309823
5,0.156,0.061254271070614985,0.0917127695869652,0.5307414525188813
