,accuracy,kappa,f1,roc_auc
0,0.1634,0.07205309896372732,0.1043486196180264,0.5360532971554492
1,0.1635,0.07238733290288701,0.1045529915957989,0.5362685902456052
2,0.155,0.06028755756781301,0.09886636778484924,0.5300871272872615
3,0.1675,0.07530232476770782,0.10904733205549702,0.5377312225184357
4,0.164,0.07305100935985653,0.10453269780191897,0.5364951061596985
5,0.167,0.07923727022037219,0.10474370885206781,0.5396844395662449
