,accuracy,kappa,f1,roc_auc
0,0.3145,0.23785795746526742,0.2709548432204435,0.6189109930879431
1,0.313,0.23652945404354597,0.26920674117060417,0.6182512383232688
2,0.3315,0.25735837318713783,0.2867633324934214,0.6286036210274274
3,0.3085,0.23298210236111727,0.2633696904366544,0.6164837277038416
4,0.3025,0.2231353089457221,0.2570213365484669,0.6115468614499793
5,0.317,0.239284548788814,0.2784131154530705,0.6196695169351985
