,accuracy,kappa,f1,roc_auc
0,0.2479,0.16503353507269422,0.1841845325874055,0.5826576799340324
1,0.2445,0.16379746632292524,0.1802729353876807,0.5819682668376531
2,0.26,0.1796252162144859,0.1952660695874721,0.5901605604348154
3,0.257,0.1711969177003002,0.19162072925349508,0.5857589977699548
4,0.234,0.15081135762094156,0.16904346689415392,0.5753669592594978
5,0.244,0.15973671750481822,0.1847194618142258,0.580033615368241
