,accuracy,kappa,f1,roc_auc
0,0.2352,0.14917999394344478,0.19243455623876699,0.574688587327441
1,0.2465,0.1646890157159855,0.2040206998109152,0.5825228384399689
2,0.2215,0.13426604999571856,0.17993945727513044,0.5671873474310678
3,0.2335,0.1447715443791323,0.19133672675544597,0.572378245514476
4,0.2375,0.15109482326490042,0.19546738679919673,0.5758466373099341
5,0.237,0.15107853636148705,0.19140851055314662,0.5755078679417582
