,accuracy,kappa,f1,roc_auc
0,0.2722,0.19138875303040975,0.20819203507496745,0.5957968116417278
1,0.2805,0.19590004014911888,0.21889733692077012,0.5979314727855635
2,0.276,0.196693795818758,0.21045656595832535,0.5986989822999479
3,0.262,0.18105893629210013,0.19697820169007113,0.5904204790203897
4,0.272,0.19044997859362922,0.20872362191612504,0.59534098060268
5,0.2705,0.19284101429844247,0.20590444888954562,0.5965921435000581
