,accuracy,kappa,f1,roc_auc
0,0.244,0.15804986637182633,0.1963155407001714,0.5790838304967957
1,0.244,0.15519092433678705,0.19077726764450495,0.5776199224804903
2,0.2505,0.1640341736583767,0.20967418165548413,0.5820881258741606
3,0.2555,0.1723453282117684,0.2027629378764335,0.5862915266455594
4,0.2345,0.14818446730232915,0.18969708594441123,0.5740984806912146
5,0.2355,0.1504944383498703,0.1886662303800233,0.5753210967925535
