,accuracy,kappa,f1,roc_auc
0,0.1887,0.10177588946611939,0.10273853345739331,0.5508641464373768
1,0.205,0.1164118987641436,0.11770445042609148,0.558192090707131
2,0.2065,0.11551107659356397,0.1156612312601183,0.5577718831713542
3,0.1775,0.09629262978570052,0.09346727984264044,0.548188143048844
4,0.173,0.08458283072558437,0.09088048902257854,0.5422277512385774
5,0.1815,0.09608101146160442,0.09597921673553779,0.5479408640209772
