,accuracy,kappa,f1,roc_auc
0,0.1996,0.11359621842891184,0.13225674819972083,0.5567764295842554
1,0.2135,0.12361755962868781,0.1486130150044051,0.5617749449427374
2,0.1945,0.10824721866957232,0.1278992661176786,0.5540635010053506
3,0.2065,0.11916181058593234,0.13275302490849683,0.5595918017584882
4,0.192,0.10959526807188269,0.12955453439049808,0.5548526027831554
5,0.1915,0.107359235188484,0.12246390057752557,0.5535992974315458
