,accuracy,kappa,f1,roc_auc
0,0.1224,0.024082702077479756,0.05755396286949675,0.5120324777838047
1,0.1265,0.02498782630049301,0.05874215444639933,0.5125166663223493
2,0.1235,0.02595364028295688,0.0606207298728834,0.5129893923620132
3,0.12,0.02103767781237509,0.05633892716233359,0.5103567564686152
4,0.1275,0.026683377592745305,0.06153027822049501,0.5133637379676294
5,0.1145,0.021750988398828497,0.050537724645372414,0.5109358357984162
