,accuracy,kappa,f1,roc_auc
0,0.0984,0.0025541118697075538,0.021559938666216177,0.501278304307451
1,0.106,0.001138244310524339,0.022094520209283434,0.5005695620178039
2,0.0955,0.001962421043862239,0.01991565703634669,0.5009809100330499
3,0.0955,0.003177543777670544,0.021399173388440773,0.5015860142842462
4,0.0945,0.004267738164751678,0.02260820448921389,0.5021414656708365
5,0.1005,0.002224612051728969,0.021782138207796103,0.5011135695313182
