,accuracy,kappa,f1,roc_auc
0,0.3343,0.26176359276142414,0.3023770675166494,0.6309883251957431
1,0.3275,0.2543887123875138,0.29351517252546283,0.6273926993033103
2,0.3275,0.2544401691007301,0.2978394090535419,0.6272747849350178
3,0.3395,0.26660208027403864,0.3067829671516923,0.6333183087005628
4,0.353,0.2819846963971613,0.3221826485958475,0.64110951204593
5,0.324,0.25140230564767685,0.29156514025670244,0.6258463209938944
