,accuracy,kappa,f1,roc_auc
0,0.1077,0.007585810492463408,0.03357254797726143,0.5037966485088179
1,0.108,0.009755352955053143,0.034009960339919675,0.5048814813488492
2,0.1115,0.004467291960555286,0.033304272601835744,0.5022204172355162
3,0.1095,0.009070537652954958,0.03544643699858424,0.50455047960332
4,0.113,0.00913229256849224,0.03627761535438964,0.5045628763110876
5,0.0965,0.005503577325261411,0.02882445459157788,0.5027679880453165
