,accuracy,kappa,f1,roc_auc
0,0.2736,0.19456759244207156,0.23822304047067044,0.5973645332646574
1,0.2765,0.19888652424157205,0.24118904668686542,0.5995283270847802
2,0.278,0.1974447173354721,0.2438436114435722,0.5989305573252742
3,0.2845,0.20684298844490512,0.25212713858839925,0.6035550504693852
4,0.2715,0.1914189404424831,0.23228371249948115,0.5956205735454819
5,0.2575,0.17824479174592545,0.22167169313503424,0.589188157898366
