,accuracy,kappa,f1,roc_auc
0,0.3812,0.31235185315165553,0.3679533095109212,0.6562226005616864
1,0.3795,0.3094783417687148,0.3657761014919705,0.654771595857967
2,0.3715,0.3025613254996784,0.35895489388733487,0.651230735150497
3,0.397,0.32986857978259065,0.3848888499506577,0.6651184336489292
4,0.389,0.32052109693027897,0.3748341344463501,0.660280397040206
5,0.369,0.2993299217770148,0.3553125677782927,0.6497118411108327
