,accuracy,kappa,f1,roc_auc
0,0.3478,0.27653233397278576,0.31896782482149627,0.6384094614412512
1,0.349,0.27775484936029715,0.32374239968891544,0.639060818561522
2,0.3405,0.2672704602502557,0.308350334243944,0.633651695960192
3,0.367,0.29710168262530867,0.3371756706716761,0.6487865518368577
4,0.344,0.273023664686598,0.3181714792892758,0.6366087249837007
5,0.3385,0.2675110129414694,0.3073992402136701,0.6339395158639838
