,accuracy,kappa,f1,roc_auc
0,0.4233,0.35940236837690925,0.41028938927278524,0.6797717130669058
1,0.407,0.34182029973814343,0.3943041351977145,0.670994275235382
2,0.453,0.39162009511079987,0.43884323179086737,0.6959327438015345
3,0.424,0.3602427523334203,0.4121776946261911,0.6802846740600301
4,0.423,0.35824767135384994,0.40859583502507146,0.6790767605827319
5,0.4095,0.3450810233483329,0.3975260497240819,0.6725701116548504
