,accuracy,kappa,f1,roc_auc
0,0.0986,0.0,0.017775744828914326,0.5
1,0.104,0.0,0.019594202898550725,0.5
2,0.0895,0.0,0.01470445158329509,0.5
3,0.1075,0.0,0.02086907449209932,0.5
4,0.091,0.0,0.015180568285976168,0.5
5,0.101,0.0,0.018530426884650317,0.5
