,accuracy,kappa,f1,roc_auc
0,0.1446,0.05210565345439204,0.08621902790876397,0.5261494934953799
1,0.1335,0.04322122514059079,0.07901102062025665,0.5215345742029164
2,0.1405,0.0482033245886897,0.08758463313190275,0.5241935185843835
3,0.1545,0.05791063967644716,0.09606736899455698,0.5291396662581063
4,0.151,0.057265826607977965,0.0859598624666049,0.5285977043108485
5,0.1435,0.053927251258254594,0.08247225433049857,0.5272820041206445
