,accuracy,kappa,f1,roc_auc
0,0.3948,0.32715729173873853,0.39090932007276324,0.6636478852893648
1,0.381,0.3114682799888101,0.37903671668211086,0.6560650036852881
2,0.4025,0.3361077916500693,0.4002952454720884,0.6681013371074528
3,0.3905,0.32282442765053976,0.38181547610891914,0.6614132515478831
4,0.395,0.3271636276890517,0.3934520671426873,0.6634718034381513
5,0.405,0.338222331715222,0.3999470949580106,0.6691880306680486
