,accuracy,kappa,f1,roc_auc
0,0.1148,0.014230565255362438,0.047765797962621495,0.5071204345365607
1,0.1115,0.012660119775384282,0.04703177447226105,0.5063649358310228
2,0.114,0.015472964676481182,0.04893619218957689,0.507750593036395
3,0.119,0.017685836194932025,0.05033053632245533,0.5088456769505787
4,0.0965,0.006137253710278845,0.037080345269044045,0.503093160703725
5,0.133,0.019196651919735852,0.055450141559770176,0.5095478061610824
