,accuracy,kappa,f1,roc_auc
0,0.3089,0.23196287743191846,0.27079462037674523,0.6160220580641309
1,0.3045,0.22874523614340458,0.2695507087438558,0.6144357378591042
2,0.319,0.24231972549944591,0.27763562986354046,0.621258126687532
3,0.293,0.21530107410521293,0.2556896267797729,0.6076328034607458
4,0.311,0.23192366056934077,0.2727807241066915,0.6159902192925352
5,0.317,0.24152469084218808,0.2783164123898654,0.6207934030207372
