,accuracy,kappa,f1,roc_auc
0,0.4164,0.3516463982738102,0.4116117028265212,0.6759436450943177
1,0.4175,0.35285237951736115,0.41112005988128064,0.6764185050891689
2,0.424,0.3609759317575548,0.41951153584234263,0.6807707012623513
3,0.4105,0.3442599244647502,0.4064196333072438,0.6723929654492069
4,0.418,0.35382281255282455,0.4151299924125959,0.6769296573685814
5,0.412,0.3463209430765606,0.4058772926891429,0.6732063963022802
