,accuracy,kappa,f1,roc_auc
0,0.4238,0.35969713102645345,0.4225378317898328,0.6799689207097125
1,0.4065,0.3404930855950523,0.4068599955141486,0.6706159249116997
2,0.43,0.36642432397058544,0.4299752999167371,0.6831997786097269
3,0.438,0.3748119290778644,0.4363749854097064,0.6874547365703954
4,0.4115,0.3464115802318656,0.4087795365457383,0.6732742972616307
5,0.433,0.37034473625689945,0.43069934156283357,0.6852998661951102
