,accuracy,kappa,f1,roc_auc
0,0.3543,0.2824136423725174,0.3364888280662277,0.6413065596777389
1,0.341,0.26808233684983307,0.3209962548402637,0.6340981798493226
2,0.3495,0.27761572099198184,0.33170982061220167,0.6388583183392044
3,0.3645,0.2943522642353743,0.34770927026641907,0.6472304653027819
4,0.358,0.2849867828358962,0.3426708783725837,0.6426477035100588
5,0.3585,0.28703110694950174,0.33935791623967027,0.6436981313873262
