,accuracy,kappa,f1,roc_auc
0,0.3884,0.3198665297905431,0.3639651956265533,0.6599551946085496
1,0.3875,0.31884256616749407,0.3642864442743167,0.6594127338747051
2,0.3975,0.3291926987217919,0.3741986751687237,0.664439485609281
3,0.391,0.3234462802182192,0.362810389313504,0.6616835552881574
4,0.3885,0.32046646115824073,0.3640942282708653,0.6603311536403113
5,0.3775,0.3073846426869694,0.3544362411053566,0.6539090446302932
