,accuracy,kappa,f1,roc_auc
0,0.4121,0.34684912352213704,0.4116053392730597,0.6735523918319277
1,0.411,0.3455153774717836,0.41086748137100615,0.672783305672831
2,0.4175,0.35250583022647286,0.414779525462458,0.6762626626739603
3,0.419,0.3548096938455396,0.420345267604728,0.6774980311857014
4,0.395,0.32853634519003105,0.3944643256063887,0.664703922255268
5,0.418,0.35287837087685814,0.4175700963207173,0.6765140373718777
