,accuracy,kappa,f1,roc_auc
0,0.1028,0.0020149042358935886,0.030846280009183897,0.5010066315095553
1,0.1005,-0.00142225339489932,0.03034311699977543,0.49927390608285
2,0.1035,0.004632096923186113,0.030693924707849093,0.5023144926602767
3,0.103,-0.0019071979269345007,0.03258181999104433,0.49904719470816056
4,0.096,0.0038087235610533288,0.02818076799295357,0.5018818611291846
5,0.111,0.004963152017062322,0.032431770354297076,0.5025157029673045
