,accuracy,kappa,f1,roc_auc
0,0.3354,0.26234753155877544,0.31259282265922583,0.631232284994785
1,0.3595,0.2877653261809626,0.3381212467474209,0.6439980411731507
2,0.334,0.2608551495283927,0.312198379204319,0.6305663216517562
3,0.3235,0.24991684222197585,0.3029318913753788,0.6250201065393403
4,0.328,0.25477245053441244,0.30310358785114405,0.6274256980596609
5,0.332,0.25842788932813343,0.3066090081178665,0.6291512575500171
