,accuracy,kappa,f1,roc_auc
0,0.1014,0.0058090885404073365,0.026905120414178935,0.5029160155295261
1,0.096,0.003693717374137706,0.022385138497327397,0.5018526629712301
2,0.101,0.008025449278129093,0.029746338412074514,0.5040489131065169
3,0.11,0.005832634716659513,0.029350718860283082,0.5028954279133551
4,0.0965,0.00606427304354995,0.025879247590515117,0.5030629676073254
5,0.1035,0.005429368289560421,0.027164158710694577,0.5027201060492034
