,accuracy,kappa,f1,roc_auc
0,0.0975,0.0022210917142470254,0.02914133177577577,0.5010301127070593
1,0.095,-0.002522923711328895,0.028851878303047723,0.49859383342677627
2,0.1005,0.006378179424130104,0.03042701875206469,0.5031494724209622
3,0.0865,-0.0003471374302850272,0.02442549158447204,0.49978598717177175
4,0.1,0.004093728058939927,0.028876489942266378,0.5018057758279301
5,0.1055,0.0035036122297790184,0.03312578029702801,0.5018154946878566
