,accuracy,kappa,f1,roc_auc
0,0.2003,0.11464081128104762,0.1316579195210602,0.5573478525466772
1,0.2075,0.11711460799331574,0.13972861071437961,0.558521071817848
2,0.208,0.12248458738909518,0.13936274372613644,0.5613585590196397
3,0.195,0.11390576305234701,0.12499909589456358,0.5570177275256494
4,0.196,0.11029739471506683,0.12809692365173436,0.5550765111585907
5,0.195,0.10940170325541332,0.12610222361848697,0.5547653932116584
