,accuracy,kappa,f1,roc_auc
0,0.3058,0.22826885599687372,0.2552635208710924,0.6141172256452379
1,0.3015,0.2252346133230253,0.24617554492676236,0.6126166879366549
2,0.301,0.22080223927390807,0.25219405408909845,0.6103413965786157
3,0.315,0.23885759747900737,0.26231633849196156,0.6193758099895574
4,0.304,0.2269228558424944,0.2590210387026989,0.6134272984745566
5,0.3075,0.22952697406593348,0.2566106281449408,0.6148249352468046
