,accuracy,kappa,f1,roc_auc
0,0.3508,0.2781769425479776,0.31318471510637486,0.6390718190146345
1,0.365,0.29394432167229567,0.3308457146204607,0.6469446675237907
2,0.3605,0.2885276332473984,0.32376251718290316,0.644309639758515
3,0.346,0.2736587745546232,0.30650534192250717,0.6367874325262409
4,0.346,0.27382511510260543,0.3066312321025598,0.6368201011072616
5,0.3365,0.26092886816296534,0.2981787697034435,0.6304972541573645
