,accuracy,kappa,f1,roc_auc
0,0.3616,0.2899491435926867,0.33248157155790387,0.6449272437678056
1,0.367,0.2960786968448368,0.33712557205884114,0.6478643947760879
2,0.344,0.27054314790099077,0.3144812983037958,0.6352774638794586
3,0.358,0.2844027953991113,0.33081895509274833,0.6421770364293735
4,0.367,0.29545955403591473,0.33628019086694444,0.6476552301226419
5,0.372,0.30326152378257987,0.3437018414671896,0.6516620936314661
