,accuracy,kappa,f1,roc_auc
0,0.1052,0.00044332018806410024,0.020904929162847186,0.5002255747675333
1,0.106,0.0008002539353269,0.021232690629675557,0.500405017704514
2,0.095,0.0010673677959572858,0.018125012932372314,0.5005338365325995
3,0.1025,0.00010528139376986267,0.019286369894446997,0.5000580800908961
4,0.1065,0.00010994873814929029,0.02075434583714547,0.5000610309127974
5,0.116,0.00013374907711716233,0.025126226520595606,0.5000699085968593
