,accuracy,kappa,f1,roc_auc
0,0.1172,0.013979947075564445,0.042888226905310065,0.506985111455081
1,0.1295,0.016220217493876143,0.04890946277777246,0.5080317022116122
2,0.1125,0.011285273442286803,0.038618059744566974,0.5056640232649239
3,0.1165,0.012559273686213457,0.04063549120106539,0.5062767835583795
4,0.1045,0.011170297344569868,0.03589887197363551,0.5056149930837239
5,0.123,0.018664673410875965,0.050379248829509976,0.5093380551567651
