,accuracy,kappa,f1,roc_auc
0,0.3865,0.3179260157999787,0.3550247907247506,0.6589717361781305
1,0.373,0.30271778809182104,0.33853085615237966,0.6514042529843997
2,0.3765,0.30704417107173365,0.3409607238118523,0.6535494942000193
3,0.399,0.33283693885383936,0.36901019697786874,0.6663334103240932
4,0.3935,0.32692254337826065,0.36658257816294537,0.6635367161483672
5,0.3905,0.320108637604239,0.36003959851870687,0.6600348072337736
