,accuracy,kappa,f1,roc_auc
0,0.1074,0.006013998881646265,0.03970327714526702,0.503014043539658
1,0.107,-0.0012462320121855441,0.038011444804021154,0.49937299583132916
2,0.103,0.00778068081510197,0.03944611901949101,0.5039107737303907
3,0.116,0.008850271921479358,0.045270208816615524,0.5044134040006937
4,0.099,0.003451420468842392,0.032696430745633796,0.5017158892797177
5,0.112,0.01123385321499315,0.043092182340573645,0.5056571548561586
