,accuracy,kappa,f1,roc_auc
0,0.4031,0.33655171088783037,0.3877660869799253,0.6683062438481377
1,0.3975,0.3317828477252336,0.37989112553679594,0.6659842112231759
2,0.4175,0.3525657430586294,0.4038076323483643,0.6762086070800685
3,0.4095,0.3435223555373973,0.3934187258764085,0.6717247594594457
4,0.397,0.3297801306484156,0.3835059938997216,0.664942575547123
5,0.394,0.325107477469476,0.3782069572383362,0.6626710659308757
