,accuracy,kappa,f1,roc_auc
0,0.1049,0.0,0.019992896867721124,0.5
1,0.116,0.0,0.02411469534050179,0.5
2,0.1025,0.0,0.019058956916099774,0.5
3,0.1065,0.0,0.020501129688206058,0.5
4,0.1055,0.0,0.02013613749434645,0.5
5,0.094,0.0,0.016153564899451554,0.5
