,accuracy,kappa,f1,roc_auc
0,0.0942,-0.0030935109949891794,0.01969196524842161,0.4984213466296703
1,0.1005,0.0008134012084104469,0.02289703323349023,0.5003947067727326
2,0.09,-0.005538194981590916,0.01914453855201529,0.4971595158181342
3,0.082,-0.00564883246690151,0.014467562706351944,0.49707973263067495
4,0.1035,-0.0030976864975666984,0.02242764919059953,0.4984640237807848
5,0.095,-0.001996242237297219,0.019523042559651045,0.4990087541460249
