,accuracy,kappa,f1,roc_auc
0,0.0926,-0.007302549074286446,0.03103217203221102,0.4962656714165127
1,0.0945,-0.005469565668794196,0.032206230776211486,0.49719057952797374
2,0.09,-0.01163547549924493,0.031000932822796208,0.49395017270417846
3,0.1055,0.0035666077291260923,0.03452300653594771,0.5019310489011893
4,0.0825,-0.015178158234464112,0.02592966725863093,0.49208998875598314
5,0.0905,-0.007796153698055086,0.03150102276746876,0.49616656719323887
