,accuracy,kappa,f1,roc_auc
0,0.1413,0.04404583860619689,0.05171320673626866,0.5220490702275182
1,0.143,0.04729586827114496,0.0498711792280085,0.5236974258118317
2,0.152,0.05101228620148923,0.05794258361898804,0.5255022032300039
3,0.1355,0.03675109347414196,0.048912302513416724,0.518394064855891
4,0.134,0.04199062400869946,0.04752143906392152,0.5210688973635742
5,0.142,0.043179321075508814,0.05431852925700854,0.5215827598762903
